chunk,n_retrained,loss,accuracy
0,0,0.0036007091403007507,0.5062
1,0,0.0033714017152786254,0.589
2,0,0.0031296489596366883,0.6337
3,0,0.003040031886100769,0.643
4,0,0.0028371429324150084,0.6836
